{
  "format_version": "1.12",
  "minecraft:recipe_shaped": {
    "description": {
      "identifier": "Reality_Ring_54126973"
    },
    "tags": [
      "crafting_table"
    ],
    "pattern": [
      "ABB",
      "BCB",
      "BBB"
    ],
    "key": {
      "A": {
        "item": "minecraft:blaze_powder",
        "data": 0
      },
      "B": {
        "item": "minecraft:blaze_rod",
        "data": 0
      },
      "C": {
        "item": "minecraft:netherstar",
        "data": 0
      }
    },
    "result": {
      "item": "pa:Reality_Ring",
      "count": 1
    }
  }
}