{
  "format_version": "1.10",
  "minecraft:entity": {
    "description": {
      "identifier": "minecraft:player",
      "is_spawnable": false,
      "is_summonable": false,
      "is_experimental": false,
      "scripts": {
        "animate": [
          "walk",
          "pa:tnt_arrow",
          "pa:creeper_arrow",
          "pa:teleport_arrow"
        ]
      },
      "animations": {
        "walk": "controller.animation.walk",
        "pa:tnt_arrow": "controller.animation.pa_tnt_arrow",
        "pa:creeper_arrow": "controller.animation.pa_creeper_arrow",
        "pa:teleport_arrow": "controller.animation.pa_teleport_arrow"
      }
    },
    "component_groups": {
      "pamobile:respawn": {
        "minecraft:mark_variant": {
          "value": 99999
        },
        "minecraft:health": {
          "value": 20,
          "max": 20
        },
        "minecraft:movement": {
          "value": 0.1
        },
        "minecraft:attack": {
          "damage": 1
        },
        "minecraft:spell_effects": {
          "remove_effects": [
            "absorption",
            "fire_resistance",
            "haste",
            "health_boost",
            "village_hero",
            "instant_health",
            "invisibility",
            "jump_boost",
            "night_vision",
            "regeneration",
            "resistance",
            "slow_falling",
            "speed",
            "strength",
            "water_breathing"
          ]
        }
      },
      "ammo:1": {
        "minecraft:mark_variant": {
          "value": 1
        }
      },
      "pa:Reality_Ring": {
        "minecraft:health": {
          "value": 9000,
          "max": 9000
        },
        "minecraft:movement": {
          "value": 0.1
        },
        "minecraft:attack": {
          "damage": 9000
        },
        "minecraft:spell_effects": {
          "add_effects": [
            {
              "effect": "absorption",
              "duration": 60000,
              "amplifier": 10,
              "display_on_screen_animation": false
            },
            {
              "effect": "fire_resistance",
              "duration": 60000,
              "amplifier": 10,
              "display_on_screen_animation": false
            },
            {
              "effect": "haste",
              "duration": 60000,
              "amplifier": 10,
              "display_on_screen_animation": false
            },
            {
              "effect": "health_boost",
              "duration": 60000,
              "amplifier": 10,
              "display_on_screen_animation": false
            },
            {
              "effect": "village_hero",
              "duration": 60000,
              "amplifier": 10,
              "display_on_screen_animation": false
            },
            {
              "effect": "instant_health",
              "duration": 60000,
              "amplifier": 10,
              "display_on_screen_animation": false
            },
            {
              "effect": "invisibility",
              "duration": 60000,
              "amplifier": 10,
              "display_on_screen_animation": false
            },
            {
              "effect": "jump_boost",
              "duration": 60000,
              "amplifier": 10,
              "display_on_screen_animation": false
            },
            {
              "effect": "night_vision",
              "duration": 60000,
              "amplifier": 10,
              "display_on_screen_animation": false
            },
            {
              "effect": "regeneration",
              "duration": 60000,
              "amplifier": 10,
              "display_on_screen_animation": false
            },
            {
              "effect": "resistance",
              "duration": 60000,
              "amplifier": 10,
              "display_on_screen_animation": false
            },
            {
              "effect": "slow_falling",
              "duration": 60000,
              "amplifier": 10,
              "display_on_screen_animation": false
            },
            {
              "effect": "speed",
              "duration": 60000,
              "amplifier": 10,
              "display_on_screen_animation": false
            },
            {
              "effect": "strength",
              "duration": 60000,
              "amplifier": 10,
              "display_on_screen_animation": false
            },
            {
              "effect": "water_breathing",
              "duration": 60000,
              "amplifier": 10,
              "display_on_screen_animation": false
            }
          ]
        },
        "minecraft:break_blocks": {
          "breakable_blocks": [
            "acacia_button",
            "acacia_door",
            "acacia_fence_gate",
            "acacia_pressure_plate",
            "acacia_sign",
            "acacia_stairs",
            "acacia_trapdoor",
            "activator_rail",
            "air",
            "ancient_debris",
            "andesite_stairs",
            "anvil",
            "apple",
            "appleenchanted",
            "armor_stand",
            "arrow",
            "baked_potato",
            "bamboo",
            "banner",
            "banner_pattern",
            "barrel",
            "barrier",
            "basalt",
            "beacon",
            "bed",
            "bedrock",
            "bee_nest",
            "beef",
            "beehive",
            "beetroot",
            "beetroot_seeds",
            "beetroot_soup",
            "bell",
            "birch_button",
            "birch_door",
            "birch_fence_gate",
            "birch_pressure_plate",
            "birch_sign",
            "birch_stairs",
            "birch_trapdoor",
            "black_glazed_terracotta",
            "blackstone",
            "blackstone_slab",
            "blackstone_stairs",
            "blackstone_wall",
            "blast_furnace",
            "blaze_powder",
            "blaze_rod",
            "blue_glazed_terracotta",
            "blue_ice",
            "boat",
            "bone",
            "bone_block",
            "book",
            "bookshelf",
            "bow",
            "bowl",
            "bread",
            "brewing_stand",
            "brick",
            "brick_block",
            "brick_stairs",
            "brown_glazed_terracotta",
            "brown_mushroom",
            "brown_mushroom_block",
            "bucket",
            "cactus",
            "cake",
            "campfire",
            "carpet",
            "carrot",
            "carrotonastick",
            "cartography_table",
            "carved_pumpkin",
            "cauldron",
            "chain",
            "chain_command_block",
            "chainmail_boots",
            "chainmail_chestplate",
            "chainmail_helmet",
            "chainmail_leggings",
            "chest",
            "chest_minecart",
            "chicken",
            "chiseled_nether_bricks",
            "chiseled_polished_blackstone",
            "chorus_flower",
            "chorus_fruit",
            "chorus_fruit_popped",
            "chorus_plant",
            "clay",
            "clay_ball",
            "clock",
            "clownfish",
            "coal",
            "coal_block",
            "coal_ore",
            "cobblestone",
            "cobblestone_wall",
            "command_block",
            "command_block_minecart",
            "comparator",
            "compass",
            "composter",
            "concrete",
            "concretepowder",
            "conduit",
            "cooked_beef",
            "cooked_chicken",
            "cooked_fish",
            "cooked_porkchop",
            "cooked_rabbit",
            "cooked_salmon",
            "cookie",
            "coral",
            "coral_block",
            "coral_fan",
            "coral_fan_dead",
            "cracked_nether_bricks",
            "cracked_polished_blackstone_bricks",
            "crafting_table",
            "crimson_button",
            "crimson_door",
            "crimson_fence",
            "crimson_fence_gate",
            "crimson_fungus",
            "crimson_hyphae",
            "crimson_nylium",
            "crimson_planks",
            "crimson_pressure_plate",
            "crimson_roots",
            "crimson_sign",
            "crimson_slab",
            "crimson_stairs",
            "crimson_stem",
            "crimson_trapdoor",
            "crossbow",
            "crying_obsidian",
            "cyan_glazed_terracotta",
            "dark_oak_button",
            "dark_oak_door",
            "dark_oak_fence_gate",
            "dark_oak_pressure_plate",
            "dark_oak_stairs",
            "dark_oak_trapdoor",
            "dark_prismarine_stairs",
            "darkoak_sign",
            "daylight_detector",
            "deadbush",
            "detector_rail",
            "diamond",
            "diamond_axe",
            "diamond_block",
            "diamond_boots",
            "diamond_chestplate",
            "diamond_helmet",
            "diamond_hoe",
            "diamond_leggings",
            "diamond_ore",
            "diamond_pickaxe",
            "diamond_shovel",
            "diamond_sword",
            "diorite_stairs",
            "dirt",
            "dispenser",
            "double_plant",
            "dragon_breath",
            "dragon_egg",
            "dried_kelp",
            "dried_kelp_block",
            "dropper",
            "dye",
            "egg",
            "element_0",
            "element_1",
            "element_10",
            "element_100",
            "element_101",
            "element_102",
            "element_103",
            "element_104",
            "element_105",
            "element_106",
            "element_107",
            "element_108",
            "element_109",
            "element_11",
            "element_110",
            "element_111",
            "element_112",
            "element_113",
            "element_114",
            "element_115",
            "element_116",
            "element_117",
            "element_118",
            "element_12",
            "element_13",
            "element_14",
            "element_15",
            "element_16",
            "element_17",
            "element_18",
            "element_19",
            "element_2",
            "element_20",
            "element_21",
            "element_22",
            "element_23",
            "element_24",
            "element_25",
            "element_26",
            "element_27",
            "element_28",
            "element_29",
            "element_3",
            "element_30",
            "element_31",
            "element_32",
            "element_33",
            "element_34",
            "element_35",
            "element_36",
            "element_37",
            "element_38",
            "element_39",
            "element_4",
            "element_40",
            "element_41",
            "element_42",
            "element_43",
            "element_44",
            "element_45",
            "element_46",
            "element_47",
            "element_48",
            "element_49",
            "element_5",
            "element_50",
            "element_51",
            "element_52",
            "element_53",
            "element_54",
            "element_55",
            "element_56",
            "element_57",
            "element_58",
            "element_59",
            "element_6",
            "element_60",
            "element_61",
            "element_62",
            "element_63",
            "element_64",
            "element_65",
            "element_66",
            "element_67",
            "element_68",
            "element_69",
            "element_7",
            "element_70",
            "element_71",
            "element_72",
            "element_73",
            "element_74",
            "element_75",
            "element_76",
            "element_77",
            "element_78",
            "element_79",
            "element_8",
            "element_80",
            "element_81",
            "element_82",
            "element_83",
            "element_84",
            "element_85",
            "element_86",
            "element_87",
            "element_88",
            "element_89",
            "element_9",
            "element_90",
            "element_91",
            "element_92",
            "element_93",
            "element_94",
            "element_95",
            "element_96",
            "element_97",
            "element_98",
            "element_99",
            "elytra",
            "emerald",
            "emerald_block",
            "emerald_ore",
            "emptymap",
            "enchanted_book",
            "enchanting_table",
            "end_brick_stairs",
            "end_bricks",
            "end_crystal",
            "end_portal_frame",
            "end_rod",
            "end_stone",
            "ender_chest",
            "ender_eye",
            "ender_pearl",
            "experience_bottle",
            "feather",
            "fence",
            "fence_gate",
            "fermented_spider_eye",
            "fireball",
            "fireworks",
            "fireworkscharge",
            "fish",
            "fishing_rod",
            "fletching_table",
            "flint",
            "flint_and_steel",
            "flower_pot",
            "frame",
            "furnace",
            "ghast_tear",
            "gilded_blackstone",
            "glass",
            "glass_bottle",
            "glass_pane",
            "glowstone",
            "glowstone_dust",
            "gold_block",
            "gold_ingot",
            "gold_nugget",
            "gold_ore",
            "golden_apple",
            "golden_axe",
            "golden_boots",
            "golden_carrot",
            "golden_chestplate",
            "golden_helmet",
            "golden_hoe",
            "golden_leggings",
            "golden_pickaxe",
            "golden_rail",
            "golden_shovel",
            "golden_sword",
            "granite_stairs",
            "grass",
            "grass_path",
            "gravel",
            "gray_glazed_terracotta",
            "green_glazed_terracotta",
            "grindstone",
            "gunpowder",
            "hardened_clay",
            "hay_block",
            "heart_of_the_sea",
            "heavy_weighted_pressure_plate",
            "honey_block",
            "honey_bottle",
            "honeycomb",
            "honeycomb_block",
            "hopper",
            "hopper_minecart",
            "horsearmordiamond",
            "horsearmorgold",
            "horsearmoriron",
            "horsearmorleather",
            "ice",
            "iron_axe",
            "iron_bars",
            "iron_block",
            "iron_boots",
            "iron_chestplate",
            "iron_door",
            "iron_helmet",
            "iron_hoe",
            "iron_ingot",
            "iron_leggings",
            "iron_nugget",
            "iron_ore",
            "iron_pickaxe",
            "iron_shovel",
            "iron_sword",
            "iron_trapdoor",
            "jukebox",
            "jungle_button",
            "jungle_door",
            "jungle_fence_gate",
            "jungle_pressure_plate",
            "jungle_sign",
            "jungle_stairs",
            "jungle_trapdoor",
            "kelp",
            "ladder",
            "lantern",
            "lapis_block",
            "lapis_ore",
            "lava",
            "lead",
            "leather",
            "leather_boots",
            "leather_chestplate",
            "leather_helmet",
            "leather_leggings",
            "leaves",
            "leaves2",
            "lectern",
            "lever",
            "light_blue_glazed_terracotta",
            "light_weighted_pressure_plate",
            "lime_glazed_terracotta",
            "lingering_potion",
            "lit_pumpkin",
            "lodestone",
            "log",
            "log2",
            "loom",
            "magenta_glazed_terracotta",
            "magma",
            "magma_cream",
            "melon",
            "melon_block",
            "melon_seeds",
            "minecart",
            "mob_spawner",
            "monster_egg",
            "mossy_cobblestone",
            "mossy_cobblestone_stairs",
            "mossy_stone_brick_stairs",
            "mushroom_stew",
            "muttoncooked",
            "muttonraw",
            "mycelium",
            "name_tag",
            "nautilus_shell",
            "nether_brick",
            "nether_brick_fence",
            "nether_brick_stairs",
            "nether_gold_ore",
            "nether_sprouts",
            "nether_wart",
            "nether_wart_block",
            "netherbrick",
            "netherite_axe",
            "netherite_block",
            "netherite_boots",
            "netherite_chestplate",
            "netherite_helmet",
            "netherite_hoe",
            "netherite_ingot",
            "netherite_leggings",
            "netherite_pickaxe",
            "netherite_scrap",
            "netherite_shovel",
            "netherite_sword",
            "netherrack",
            "netherstar",
            "normal_stone_stairs",
            "noteblock",
            "oak_stairs",
            "observer",
            "obsidian",
            "orange_glazed_terracotta",
            "packed_ice",
            "painting",
            "paper",
            "phantom_membrane",
            "pink_glazed_terracotta",
            "piston",
            "planks",
            "podzol",
            "poisonous_potato",
            "polished_andesite_stairs",
            "polished_basalt",
            "polished_blackstone",
            "polished_blackstone_brick_slab",
            "polished_blackstone_brick_stairs",
            "polished_blackstone_brick_wall",
            "polished_blackstone_bricks",
            "polished_blackstone_button",
            "polished_blackstone_pressure_plate",
            "polished_blackstone_slab",
            "polished_blackstone_stairs",
            "polished_blackstone_wall",
            "polished_diorite_stairs",
            "polished_granite_stairs",
            "porkchop",
            "potato",
            "potion",
            "prismarine",
            "prismarine_bricks_stairs",
            "prismarine_crystals",
            "prismarine_shard",
            "prismarine_stairs",
            "pufferfish",
            "pumpkin",
            "pumpkin_pie",
            "pumpkin_seeds",
            "purple_glazed_terracotta",
            "purpur_block",
            "purpur_stairs",
            "quartz",
            "quartz_block",
            "quartz_bricks",
            "quartz_ore",
            "quartz_stairs",
            "rabbit",
            "rabbit_foot",
            "rabbit_hide",
            "rabbit_stew",
            "rail",
            "record_11",
            "record_13",
            "record_blocks",
            "record_cat",
            "record_chirp",
            "record_far",
            "record_mall",
            "record_mellohi",
            "record_pigstep",
            "record_stal",
            "record_strad",
            "record_wait",
            "record_ward",
            "red_flower",
            "red_glazed_terracotta",
            "red_mushroom",
            "red_mushroom_block",
            "red_nether_brick",
            "red_nether_brick_stairs",
            "red_sandstone",
            "red_sandstone_stairs",
            "redstone",
            "redstone_block",
            "redstone_lamp",
            "redstone_ore",
            "redstone_torch",
            "reeds",
            "repeater",
            "repeating_command_block",
            "respawn_anchor",
            "rotten_flesh",
            "saddle",
            "salmon",
            "sand",
            "sandstone",
            "sandstone_stairs",
            "sapling",
            "scaffolding",
            "sea_pickle",
            "seagrass",
            "sealantern",
            "shears",
            "shield",
            "shroomlight",
            "shulker_box",
            "shulker_shell",
            "sign",
            "silver_glazed_terracotta",
            "skull",
            "slime",
            "slime_ball",
            "smithing_table",
            "smoker",
            "smooth_quartz_stairs",
            "smooth_red_sandstone_stairs",
            "smooth_sandstone_stairs",
            "smooth_stone",
            "snow",
            "snow_layer",
            "snowball",
            "soul_campfire",
            "soul_lantern",
            "soul_sand",
            "soul_soil",
            "soul_torch",
            "spawn_egg",
            "speckled_melon",
            "spider_eye",
            "splash_potion",
            "sponge",
            "spruce_button",
            "spruce_door",
            "spruce_fence_gate",
            "spruce_pressure_plate",
            "spruce_sign",
            "spruce_stairs",
            "spruce_trapdoor",
            "stained_glass",
            "stained_glass_pane",
            "stained_hardened_clay",
            "stick",
            "sticky_piston",
            "stone",
            "stone_axe",
            "stone_brick_stairs",
            "stone_button",
            "stone_hoe",
            "stone_pickaxe",
            "stone_pressure_plate",
            "stone_shovel",
            "stone_slab",
            "stone_slab2",
            "stone_slab3",
            "stone_slab4",
            "stone_stairs",
            "stone_sword",
            "stonebrick",
            "stonecutter_block",
            "string",
            "stripped_acacia_log",
            "stripped_birch_log",
            "stripped_crimson_hyphae",
            "stripped_crimson_stem",
            "stripped_dark_oak_log",
            "stripped_jungle_log",
            "stripped_oak_log",
            "stripped_spruce_log",
            "stripped_warped_hyphae",
            "stripped_warped_stem",
            "structure_block",
            "sugar",
            "sweet_berries",
            "tallgrass",
            "target",
            "tnt",
            "tnt_minecart",
            "torch",
            "totem",
            "trapdoor",
            "trapped_chest",
            "trident",
            "tripwire_hook",
            "turtle_egg",
            "turtle_helmet",
            "turtle_shell_piece",
            "twisting_vines",
            "undyed_shulker_box",
            "vine",
            "warped_button",
            "warped_door",
            "warped_fence",
            "warped_fence_gate",
            "warped_fungus",
            "warped_fungus_on_a_stick",
            "warped_hyphae",
            "warped_nylium",
            "warped_planks",
            "warped_pressure_plate",
            "warped_roots",
            "warped_sign",
            "warped_slab",
            "warped_stairs",
            "warped_stem",
            "warped_trapdoor",
            "warped_wart_block",
            "water",
            "waterlily",
            "web",
            "weeping_vines",
            "wheat",
            "wheat_seeds",
            "white_glazed_terracotta",
            "wither_rose",
            "wood",
            "wooden_axe",
            "wooden_button",
            "wooden_door",
            "wooden_hoe",
            "wooden_pickaxe",
            "wooden_pressure_plate",
            "wooden_shovel",
            "wooden_slab",
            "wooden_sword",
            "wool",
            "writable_book",
            "written_book",
            "yellow_flower",
            "yellow_glazed_terracotta"
          ]
        }
      },
      "pa:tnt_arrow_fire": {
        "minecraft:spawn_entity": [
          {
            "min_wait_time": 0,
            "max_wait_time": 0,
            "single_use": true,
            "spawn_entity": "pa:tnt_arrow",
            "num_to_spawn": 1
          }
        ]
      },
      "pa:creeper_arrow_fire": {
        "minecraft:spawn_entity": [
          {
            "min_wait_time": 0,
            "max_wait_time": 0,
            "single_use": true,
            "spawn_entity": "pa:creeper_arrow",
            "num_to_spawn": 1
          }
        ]
      },
      "pa:teleport_arrow_fire": {
        "minecraft:spawn_entity": [
          {
            "min_wait_time": 0,
            "max_wait_time": 0,
            "single_use": true,
            "spawn_entity": "pa:teleport_arrow",
            "num_to_spawn": 1
          }
        ]
      }
    },
    "components": {
      "minecraft:type_family": {
        "family": [
          "player"
        ]
      },
      "minecraft:loot": {
        "table": "loot_tables/empty.json"
      },
      "minecraft:collision_box": {
        "width": 0.6,
        "height": 1.8
      },
      "minecraft:can_climb": {},
      "minecraft:movement": {
        "value": 0.1
      },
      "minecraft:environment_sensor": [
        {
          "on_environment": {
            "filters": {
              "any_of": [
                {
                  "test": "is_family",
                  "subject": "self",
                  "value": "player"
                }
              ]
            },
            "event": "pamobile:refresh_player"
          }
        },
        {
          "on_environment": {
            "filters": {
              "all_of": [
                {
                  "test": "has_equipment",
                  "subject": "self",
                  "domain": "hand",
                  "value": "pa:Reality_Ring"
                }
              ]
            },
            "event": "pa:Reality_Ring_event"
          }
        },
        {
          "on_environment": {
            "filters": {
              "all_of": [
                {
                  "test": "has_equipment",
                  "subject": "self",
                  "domain": "hand",
                  "value": "pa:tnt_arrow"
                },
                {
                  "test": "is_family",
                  "subject": "self",
                  "value": "player"
                }
              ]
            },
            "event": "ammo:1"
          }
        },
        {
          "on_environment": {
            "filters": {
              "all_of": [
                {
                  "test": "has_equipment",
                  "subject": "self",
                  "domain": "hand",
                  "value": "pa:creeper_arrow"
                },
                {
                  "test": "is_family",
                  "subject": "self",
                  "value": "player"
                }
              ]
            },
            "event": "ammo:1"
          }
        },
        {
          "on_environment": {
            "filters": {
              "all_of": [
                {
                  "test": "has_equipment",
                  "subject": "self",
                  "domain": "hand",
                  "value": "pa:teleport_arrow"
                },
                {
                  "test": "is_family",
                  "subject": "self",
                  "value": "player"
                }
              ]
            },
            "event": "ammo:1"
          }
        }
      ],
      "minecraft:player.saturation": {
        "value": 20
      },
      "minecraft:player.exhaustion": {
        "value": 0,
        "max": 4
      },
      "minecraft:player.level": {
        "value": 0,
        "max": 24791
      },
      "minecraft:player.experience": {
        "value": 0,
        "max": 1
      },
      "minecraft:breathable": {
        "totalSupply": 15,
        "suffocateTime": -1,
        "inhaleTime": 3.75,
        "generatesBubbles": false
      },
      "minecraft:nameable": {
        "alwaysShow": true,
        "allowNameTagRenaming": false
      },
      "minecraft:physics": {},
      "minecraft:insomnia": {
        "days_until_insomnia": 3
      },
      "minecraft:rideable": {
        "seat_count": 2,
        "family_types": [
          "parrot_tame"
        ],
        "pull_in_entities": true,
        "seats": [
          {
            "position": [
              0.4,
              -0.15,
              0.04
            ],
            "min_rider_count": 0,
            "max_rider_count": 0,
            "lock_rider_rotation": 0
          },
          {
            "position": [
              -0.4,
              -0.15,
              0.04
            ],
            "min_rider_count": 1,
            "max_rider_count": 2,
            "lock_rider_rotation": 0
          }
        ]
      },
      "minecraft:scaffolding_climber": {}
    },
    "events": {
      "pamobile:refresh_player": {
        "add": {
          "component_groups": [
            "pamobile:respawn"
          ]
        },
        "remove": {
          "component_groups": [
            "pa:Reality_Ring"
          ]
        }
      },
      "minecraft:entity_spawned": {
        "add": {
          "component_groups": [
            "pamobile:respawn"
          ]
        },
        "remove": {}
      },
      "ammo:1": {
        "remove": {
          "component_groups": [
            "ammo:1"
          ]
        },
        "add": {
          "component_groups": [
            "ammo:1"
          ]
        }
      },
      "ammo:2": {
        "remove": {
          "component_groups": [
            "ammo:2"
          ]
        },
        "add": {
          "component_groups": [
            "ammo:2"
          ]
        }
      },
      "pa:Reality_Ring_event": {
        "add": {
          "component_groups": [
            "pa:Reality_Ring"
          ]
        }
      },
      "pa:tnt_arrow_fire": {
        "add": {
          "component_groups": [
            "pa:tnt_arrow_fire"
          ]
        }
      },
      "pa:creeper_arrow_fire": {
        "add": {
          "component_groups": [
            "pa:creeper_arrow_fire"
          ]
        }
      },
      "pa:teleport_arrow_fire": {
        "add": {
          "component_groups": [
            "pa:teleport_arrow_fire"
          ]
        }
      }
    }
  }
}